name,team,score,total_games
Andrew Bynum,LAL,39720.0,4094
Lamar Odom,LAL,58549.1,6795
Luke Walton,LAL,26387.3,2962
Sasha Vujacic,LAL,18456.4,2887
Smush Parker,LAL,11326.2,1229
Boris Diaw,PHO,59691.6,9096
Kurt Thomas,PHO,25348.1,3638
Raja Bell,PHO,39129.8,4494
Shawn Marion,PHO,77954.9,8581
Steve Nash,PHO,68250.6,6927
Amar'e Stoudemire,PHO,70107.1,7867
Leandro Barbosa,PHO,45625.5,6334
Maurice Evans,LAL,31181.5,4161
Ronny Turiaf,LAL,30713.8,3797
James Jones,PHO,24732.8,3498
Marcus Banks,PHO,4953.0,793
Vladimir Radmanovic,LAL,24459.8,3094
Brian Cook,LAL,9045.3,1255
Jordan Farmar,LAL,30037.6,4982
Cuttino Mobley,LAC,20928.2,2575
Elton Brand,LAC,54260.8,6494
Quinton Ross,LAC,18036.5,2405
Shaun Livingston,LAC,34455.9,4747
Tim Thomas,LAC,19914.8,2610
Corey Maggette,LAC,38326.7,4973
Chris Kaman,LAC,47409.5,5816
Sam Cassell,LAC,9930.3,1158
Andrei Kirilenko,UTA,50531.7,5288
C.J. Miles,UTA,45826.1,5133
Carlos Boozer,UTA,78476.2,7862
Deron Williams,UTA,85988.7,9635
Mehmet Okur,UTA,40801.5,4153
Derek Fisher,UTA,57738.9,5900
Matt Harpring,UTA,15566.6,2199
Paul Millsap,UTA,78118.3,8837
Ronnie Brewer,UTA,44963.1,4951
Gordan Giricek,UTA,7503.1,1078
Jarron Collins,UTA,8498.3,1141
Daniel Ewing,LAC,2215.5,363
Bruce Bowen,SAS,23639.6,2977
Fabricio Oberto,SAS,15880.7,2071
Manu Ginobili,SAS,60414.1,7833
Tim Duncan,SAS,81685.1,9019
Tony Parker,SAS,77651.8,8709
Brent Barry,SAS,10761.1,1577
Michael Finley,SAS,26502.4,3313
Robert Horry,SAS,6163.7,921
Beno Udrih,SAS,56251.3,6953
Francisco Elson,SAS,12724.0,1853
Jalen Rose,PHO,836.5,126
Devin Harris,DAL,48935.0,7672
Dirk Nowitzki,DAL,88860.3,9900
Erick Dampier,DAL,29810.6,3182
Jason Terry,DAL,72387.9,9553
Jerry Stackhouse,DAL,17585.7,2603
Anthony Johnson,DAL,17079.2,2270
DeSagana Diop,DAL,13600.5,2482
Greg Buckner,DAL,9274.3,1523
Maurice Ager,DAL,1259.4,235
Devean George,DAL,12541.3,1804
Damon Stoudamire,MEM,9159.3,1156
Eddie Jones,MEM,8259.4,1140
Hakim Warrick,MEM,34367.1,4988
Mike Miller,MEM,52502.0,6570
Stromile Swift,MEM,6950.7,1103
Lawrence Roberts,MEM,3688.3,485
Dahntay Jones,MEM,28934.6,3791
Rudy Gay,MEM,88594.2,10185
Chucky Atkins,MEM,12646.7,1763
Jumaine Jones,PHO,506.4,68
Alexander Johnson,MEM,4513.6,650
Kyle Lowry,MEM,65543.7,7751
Pat Burke,PHO,527.6,81
Eric Piatkowski,PHO,605.5,86
Allen Iverson,PHI,35391.3,4020
Andre Iguodala,PHI,93436.9,10759
Chris Webber,PHI,6954.5,742
Kevin Ollie,PHI,8338.1,1136
Samuel Dalembert,PHI,59132.6,6307
Steven Hunter,PHI,6450.2,881
Kyle Korver,PHI,66059.7,8099
Shavlik Randolph,PHI,2585.6,347
Willie Green,PHI,43444.2,5651
Rodney Carney,PHI,16430.2,2309
Lou Williams,PHI,53248.8,7570
Rafael Araujo,UTA,945.7,128
Roger Powell,UTA,44.1,7
Andris Biedrins,GSW,39283.5,4108
Jason Richardson,GSW,52531.9,6371
Keith McLeod,GSW,2391.2,360
Mickael Pietrus,GSW,32335.2,4216
Monta Ellis,GSW,92565.2,10537
Mike Dunleavy,GSW,64649.6,7838
Troy Murphy,GSW,38183.5,4808
Matt Barnes,GSW,63435.2,7384
Anthony Roberson,GSW,1689.7,249
Bobby Jackson,NOK,11193.7,2141
Chris Paul,NOK,64907.9,9210
Desmond Mason,NOK,14999.1,2213
Peja Stojakovic,NOK,16071.4,3046
Tyson Chandler,NOK,54245.7,7513
Marc Jackson,NOK,1335.2,397
Rasual Butler,NOK,30956.3,5099
Jannero Pargo,NOK,12187.1,2728
Cedric Simmons,NOK,1468.2,349
Jason Collins,NJN,13335.2,2020
Jason Kidd,NJN,58478.4,7391
Nenad Krstic,NJN,19649.0,2329
Richard Jefferson,NJN,60634.8,8373
Vince Carter,NJN,58481.6,9282
Mikki Moore,NJN,18482.6,2701
Marcus Williams,NJN,7392.4,1711
Antoine Wright,NJN,15740.2,2500
Bostjan Nachbar,NJN,5376.5,1730
Hassan Adams,NJN,1277.6,245
Ime Udoka,POR,19374.6,2631
Jarrett Jack,POR,68282.8,9539
LaMarcus Aldridge,POR,87850.2,9648
Martell Webster,POR,47533.9,5854
Zach Randolph,POR,78969.1,8563
Travis Outlaw,POR,34837.1,5578
Juan Dixon,POR,12154.4,1775
Stephen Graham,POR,6497.5,1329
Jamaal Magloire,POR,12081.8,1827
Sergio Rodriguez,POR,13536.2,1940
Rafer Alston,HOU,33691.0,3865
Shane Battier,HOU,64785.7,7123
Steve Novak,HOU,19485.6,2849
Tracy McGrady,HOU,34745.6,3916
Yao Ming,HOU,22913.9,2482
Chuck Hayes,HOU,43008.2,4758
Luther Head,HOU,19488.1,2686
Vassilis Spanoulis,HOU,766.3,136
John Lucas III,HOU,8187.8,1360
Andrew Bogut,MIL,57496.0,6020
Charlie Bell,MIL,28717.6,3730
Michael Redd,MIL,27317.6,3091
Mo Williams,MIL,70231.8,8067
Ruben Patterson,MIL,10429.3,1243
Ersan Ilyasova,MIL,40062.0,4742
Dan Gadzuric,MIL,11035.6,1503
Steve Blake,MIL,60056.0,7389
David Noel,MIL,2638.1,408
John Salmons,SAC,65154.1,8295
Kenny Thomas,SAC,6319.5,930
Kevin Martin,SAC,67787.4,7740
Mike Bibby,SAC,43691.1,4896
Ronnie Price,SAC,21023.2,2848
Brad Miller,SAC,33645.1,4129
Francisco Garcia,SAC,37526.2,5105
Jason Hart,SAC,6246.8,875
Shareef Abdur-Rahim,SAC,5308.3,941
Corliss Williamson,SAC,3793.5,722
Quincy Douby,SAC,4968.7,794
Vitaly Potapenko,SAC,40.1,4
Eddie House,NJN,19827.6,3197
Al Jefferson,BOS,77254.2,8966
Paul Pierce,BOS,81625.6,8978
Ryan Gomes,BOS,45207.7,5114
Sebastian Telfair,BOS,33285.1,4286
Tony Allen,BOS,45383.1,5409
Brian Scalabrine,BOS,9195.2,1308
Leon Powe,BOS,11682.0,1678
Delonte West,BOS,30731.2,4102
Gerald Green,BOS,28315.4,4049
Rajon Rondo,BOS,70959.2,7952
Adam Morrison,CHA,5746.5,1616
Emeka Okafor,CHA,31009.0,6026
Gerald Wallace,CHA,45791.4,8407
Raymond Felton,CHA,55819.2,8770
Sean May,CHA,2784.2,702
Matt Carroll,CHA,9967.0,2774
Primoz Brezec,CHA,3079.6,603
Derek Anderson,CHA,2911.7,791
Bernard Robinson,CHA,344.6,149
Jake Voskuhl,CHA,3962.0,891
Othella Harrington,CHA,840.3,233
Melvin Ely,CHA,3570.0,853
Dwight Howard,ORL,89985.6,9938
Grant Hill,ORL,51568.2,5404
Jameer Nelson,ORL,65429.8,7000
Keyon Dooling,ORL,22538.1,4243
Tony Battie,ORL,12737.7,1619
Carlos Arroyo,ORL,18515.9,2451
Darko Milicic,ORL,27702.9,3345
Trevor Ariza,ORL,59854.0,7780
Travis Diener,ORL,8495.8,1206
Bo Outlaw,ORL,1503.3,229
Alonzo Mourning,MIA,6767.3,930
Dorell Wright,MIA,44086.6,5531
Jason Kapono,MIA,22182.0,3173
Jason Williams,MIA,19632.1,2630
Udonis Haslem,MIA,48607.9,6251
Antoine Walker,MIA,8913.9,1443
James Posey,MIA,22047.2,4289
Gary Payton,MIA,4723.7,740
Robert Hite,MIA,504.4,67
Earl Barron,MIA,6609.3,877
Michael Doleac,MIA,3211.4,477
Chris Quinn,MIA,10472.7,1560
Baron Davis,GSW,49296.6,5251
Adonal Foyle,GSW,4792.3,678
Metta World Peace,SAC,55091.5,6890
Anthony Parker,TOR,49227.6,5198
Joey Graham,TOR,15963.7,2217
Jorge Garbajosa,TOR,7253.2,851
Rasho Nesterovic,TOR,18252.8,2038
T.J. Ford,TOR,29458.2,3496
Andrea Bargnani,TOR,55454.1,6546
Morris Peterson,TOR,11222.6,1824
Darrick Martin,TOR,1325.6,182
Fred Jones,TOR,16191.2,2151
P.J. Tucker,TOR,26747.6,2982
Uros Slokar,TOR,212.5,30
Antawn Jamison,WAS,64604.3,7259
Brendan Haywood,WAS,36578.5,4262
Caron Butler,WAS,68090.9,7414
DeShawn Stevenson,WAS,35968.8,3971
Gilbert Arenas,WAS,25307.4,2977
Jarvis Hayes,WAS,15144.7,2949
Antonio Daniels,WAS,16567.6,2255
Calvin Booth,WAS,2188.9,344
Brandon Roy,POR,41910.9,4944
Joel Przybilla,POR,22397.0,2604
Raef LaFrentz,POR,2201.4,321
Sean Marks,PHO,2677.6,616
Josh Howard,DAL,35859.2,4329
Channing Frye,NYK,56514.9,6277
Eddy Curry,NYK,16541.9,1994
Jamal Crawford,NYK,77373.3,10089
Jared Jeffries,NYK,27273.9,3361
Stephon Marbury,NYK,14870.1,1806
David Lee,NYK,81413.4,8911
Renaldo Balkman,NYK,11234.6,1601
Malik Rose,NYK,5792.5,939
Steve Francis,NYK,5315.6,664
Nazr Mohammed,DET,19747.2,3199
Rasheed Wallace,DET,33029.3,3688
Richard Hamilton,DET,45865.5,4720
Ronald Murray,DET,20028.4,3047
Tayshaun Prince,DET,78014.8,8234
Antonio McDyess,DET,33828.1,3923
Jason Maxiell,DET,41028.3,5101
Will Blalock,DET,451.2,96
Carlos Delfino,DET,36850.8,4783
Andres Nocioni,CHI,29568.3,3740
Ben Wallace,CHI,39017.6,4269
Chris Duhon,CHI,40782.5,5068
Luol Deng,CHI,86768.4,9499
Thabo Sefolosha,CHI,53343.4,5622
Ben Gordon,CHI,54265.6,7564
P.J. Brown,CHI,6404.8,751
Tyrus Thomas,CHI,24148.5,3834
Adrian Griffin,CHI,3066.2,464
Malik Allen,CHI,9011.8,1470
Chris Bosh,TOR,82486.8,9037
Jose Calderon,TOR,66888.3,7804
Ike Diogu,GSW,6263.3,938
Kelenna Azubuike,GSW,19793.4,2401
Chris Wilcox,SEA,21553.8,3655
Earl Watson,SEA,36668.3,5755
Mickael Gelabale,SEA,5417.9,1109
Nick Collison,SEA,47876.8,7604
Ray Allen,SEA,66617.7,8245
Damien Wilkins,SEA,23870.4,4221
Luke Ridnour,SEA,49163.3,6802
Johan Petro,SEA,13039.0,2891
Mouhamed Sene,SEA,535.8,102
Andre Brown,SEA,1284.3,306
Mike Wilks,SEA,1982.3,350
Drew Gooden,CLE,41722.9,4781
Eric Snow,CLE,8098.2,993
Larry Hughes,CLE,26031.2,3257
LeBron James,CLE,100078.2,11286
Zydrunas Ilgauskas,CLE,32976.5,3481
Anderson Varejao,CLE,48821.2,6023
Damon Jones,CLE,9374.2,1373
Daniel Gibson,CLE,33628.0,4521
Donyell Marshall,CLE,6556.1,1004
Sasha Pavlovic,CLE,22052.3,2801
David Wesley,CLE,1227.8,167
Ira Newble,CLE,2732.5,387
Hedo Turkoglu,ORL,60576.8,6715
Keith Bogans,ORL,34114.0,3950
Pau Gasol,MEM,83190.2,8870
Tarence Kinsey,MEM,4588.1,649
Dikembe Mutombo,HOU,7541.6,830
Juwan Howard,HOU,18578.0,2608
Bonzi Wells,HOU,6914.4,1105
Kirk Snyder,HOU,4739.8,613
Justin Reed,MIN,1161.4,172
Mark Blount,MIN,14904.2,1699
Mike James,MIN,19609.6,2352
Randy Foye,MIN,61859.4,7103
Trenton Hassell,MIN,14128.5,2223
Marko Jaric,MIN,15454.8,2052
Troy Hudson,MIN,2162.9,312
Craig Smith,MIN,24274.0,3498
Bracey Wright,MIN,667.5,103
Mark Madsen,MIN,2601.7,375
Roger Mason,WAS,28564.0,4236
Etan Thomas,WAS,7206.3,886
Donell Taylor,WAS,1175.4,192
Andray Blatche,WAS,44343.0,5755
Quentin Richardson,NYK,33659.8,3946
Nate Robinson,NYK,45262.7,6097
Mardy Collins,NYK,9382.7,1292
Brian Skinner,MIL,12350.4,1509
Earl Boykins,MIL,15452.1,2413
Charlie Villanueva,MIL,38319.3,4980
Lynn Greer,MIL,1451.0,206
Kevin Garnett,MIN,64912.7,6848
Ricky Davis,MIN,24589.6,3204
Jacque Vaughn,SAS,7378.3,1124
Carmelo Anthony,DEN,86604.1,9722
Eduardo Najera,DEN,17358.1,2628
Nene Hilario,DEN,63024.8,6712
Yakhouba Diawara,DEN,9793.3,1256
DerMarr Johnson,DEN,1546.5,221
J.R. Smith,DEN,68233.2,8933
Reggie Evans,DEN,36857.4,4596
Linas Kleiza,DEN,29458.3,3976
Joe Johnson,ATL,92462.5,10396
Josh Smith,ATL,89679.8,10043
Lorenzen Wright,ATL,4625.8,672
Marvin Williams,ATL,67404.3,7723
Royal Ivey,ATL,15124.7,2110
Speedy Claxton,ATL,3716.5,518
Josh Childress,ATL,20821.8,3039
Zaza Pachulia,ATL,45841.6,6026
Salim Stoudamire,ATL,4816.7,759
Shelden Williams,ATL,17378.3,2790
Kirk Hinrich,CHI,68881.9,7806
Viktor Khryapa,CHI,1161.5,171
Mike Sweetney,CHI,1377.9,222
Rashard Lewis,SEA,51877.5,6528
James Singleton,LAC,8482.7,1244
Aaron Williams,LAC,2454.6,326
Yaroslav Korolev,LAC,125.7,12
Paul Davis,LAC,2468.2,358
Kendrick Perkins,BOS,57589.9,5602
Rashad McCants,MIN,13222.7,1839
Solomon Jones,ATL,10831.9,1635
Danny Granger,IND,62183.3,7543
Darrell Armstrong,IND,4723.5,995
Jermaine O'Neal,IND,32757.2,4588
Jeff Foster,IND,24838.7,3321
Marquis Daniels,IND,26656.3,3769
Rawle Marshall,IND,1111.4,192
Andre Miller,PHI,77877.8,9130
Joe Smith,PHI,17578.0,2482
Jamaal Tinsley,IND,20533.7,2665
Maceo Baston,IND,2285.0,394
Orien Greene,IND,744.7,168
Kobe Bryant,LAL,82553.3,8900
Kwame Brown,LAL,17592.1,2420
Aaron McKie,LAL,481.1,71
Shammond Williams,LAL,1153.8,183
Ryan Hollins,CHA,19013.1,2751
Brevin Knight,CHA,11733.2,1865
Walter Herrmann,CHA,4886.4,936
David West,NOK,58883.4,8665
Devin Brown,NOK,13031.6,2310
Linton Johnson,NOK,1434.4,441
Austin Croshere,DAL,4403.3,687
J.J. Barea,DAL,41482.0,5562
Chauncey Billups,DET,54900.4,5767
Dale Davis,DET,1548.4,227
Marcus Camby,DEN,49481.8,5169
Jamal Sampson,DEN,388.1,51
Justin Williams,SAC,1479.1,224
Junior Harrington,MEM,1815.3,266
Scott Padgett,MEM,713.4,120
Al Harrington,GSW,51545.9,6413
Stephen Jackson,GSW,49436.9,6925
Matt Bonner,SAS,37131.2,4936
Hilton Armstrong,NOK,7200.7,1615
Brandon Bass,NOK,52573.8,6746
Marcus Vinicius,NOK,304.7,78
Randy Livingston,SEA,38.8,14
Dee Brown,UTA,2632.7,359
Patrick O'Bryant,GSW,1610.2,215
Lindsey Hunter,DET,4606.4,718
Ronald Dupree,DET,347.5,44
Amir Johnson,DET,49981.3,5779
Dajuan Wagner,GSW,21.6,1
Desmon Farmer,SEA,307.0,42
Eric Williams,SAS,376.0,51
Sarunas Jasikevicius,IND,3025.0,525
Kris Humphries,TOR,32092.6,5469
Dwyane Wade,MIA,74651.0,8615
Alan Henderson,PHI,1481.2,221
Bobby Jones,PHI,2880.9,417
Wally Szczerbiak,BOS,12860.1,2129
Allan Ray,BOS,2402.8,337
Luke Jackson,LAC,1246.3,167
Renaldo Major,GSW,120.6,14
Josh Powell,GSW,12187.3,1669
Clifford Robinson,NJN,1692.3,538
Josh Boone,NJN,7782.1,2126
Jeff McInnis,CHA,3738.1,1049
Dwayne Jones,CLE,1777.1,296
Scot Pollard,CLE,875.5,156
Tyronn Lue,ATL,9303.8,1413
Jeremy Richardson,ATL,675.8,102
Stanislav Medvedenko,ATL,247.3,44
Shawne Williams,IND,18158.2,2802
Jerome James,NYK,989.0,136
Jared Reiner,MIL,782.0,123
Darius Songaila,WAS,15801.1,2579
Dan Dickau,POR,4929.4,715
Pops Mensah-Bonsu,DAL,1538.0,268
Michael Ruffin,WAS,3307.4,467
James White,SAS,1872.7,231
Kevin Willis,DAL,85.5,19
Luke Schenscher,POR,410.3,63
Kenyon Martin,DEN,38930.9,4190
Eddie Griffin,MIN,246.2,46
Kelvin Cato,NYK,306.9,49
Alan Anderson,CHA,20155.7,2799
Brian Cardinal,MEM,10238.9,1484
Cedric Bozeman,ATL,717.7,104
Matt Freije,ATL,467.7,89
James Lang,WAS,226.1,31
Maurice Taylor,SAC,327.0,44
Andreas Glyniadakis,SEA,209.6,37
Julius Hodge,DEN,167.7,28
Pat Garrity,ORL,1835.0,304
Jake Tsakalidis,HOU,1312.5,190
Pape Sow,TOR,117.6,12
Anthony Carter,DEN,20894.7,2567
Jackie Butler,SAS,259.1,36
Michael Olowokandi,BOS,788.8,132
David Harrison,IND,3219.0,516
Shannon Brown,CLE,25419.7,3424
Didier Ilunga-Mbenga,DAL,3576.0,645
Damir Markota,MIL,463.9,68
Shaquille O'Neal,MIA,23382.3,2870
Lou Amundson,PHI,19350.8,2673
Mike Hall,WAS,13.4,6
Esteban Batista,ATL,262.0,47
J.J. Redick,ORL,50032.8,6167
Danny Fortson,SEA,282.7,81
Chris McCray,MIL,21.5,5
Andre Barrett,CHI,139.9,25
Alvin Williams,LAC,38.2,4
Will Conroy,MEM,322.5,60
Theo Ratliff,BOS,5816.8,879
Steven Smith,PHI,69.1,15
Ivan McFarlin,PHI,124.1,24
Kevinn Pinkney,BOS,359.1,53
Wayne Simien,MIA,229.9,43
Dijon Thompson,ATL,142.7,29
Doug Christie,LAC,274.6,43
Randolph Morris,NYK,1473.6,202
Mile Ilic,NJN,0.0,1
James Augustine,ORL,525.6,84
Marco Belinelli,GSW,36485.7,5350
Al Thornton,LAC,29876.9,3643
Brandan Wright,GSW,22572.2,3107
Arron Afflalo,DET,63464.0,6839
Jamario Moon,TOR,22533.9,2692
Wilson Chandler,NYK,54898.2,6003
Glen Davis,BOS,39155.6,5272
Nick Young,WAS,45491.9,6041
Dominic McGuire,WAS,17123.4,2385
Jason Smith,PHI,21247.5,3692
Thaddeus Young,PHI,67120.4,8194
Spencer Hawes,SAC,52049.5,5959
Luis Scola,HOU,64881.1,7068
Kevin Durant,SEA,79970.2,9239
Jeff Green,SEA,64258.9,7942
Yi Jianlian,MIL,14967.2,2463
Bobby Simmons,MIL,10915.0,1882
Daequan Cook,MIA,20707.6,2826
Javaris Crittenton,LAL,6676.8,919
Juan Carlos Navarro,MEM,7596.1,1000
Casey Jacobsen,MEM,1906.2,310
Corey Brewer,MIN,57216.6,6719
Chris Richard,MIN,2731.2,399
Sean Williams,NJN,3717.9,978
Aaron Brooks,HOU,42856.7,4985
Ryan Bowen,NOH,1341.0,431
C.J. Watson,GSW,39231.4,5093
Taurean Green,POR,182.7,26
Mike Conley,MEM,72890.9,7772
Kareem Rush,IND,6329.2,897
Andre Owens,IND,1190.8,184
Joakim Noah,CHI,63341.6,6447
Awvee Storey,MIL,946.6,119
Kosta Perovic,GSW,144.9,18
Carl Landry,HOU,37703.1,5562
Julian Wright,NOH,7000.6,1413
Jared Dudley,CHA,51396.1,6664
D.J. Strawberry,PHO,975.7,121
Al Horford,ATL,64496.0,6766
Mario West,ATL,2437.5,365
Jermareo Davidson,CHA,1066.0,208
Nick Fazekas,LAC,830.0,128
Mike Harris,HOU,1789.8,244
Von Wafer,POR,8064.7,1179
Thomas Gardner,CHI,479.2,63
Aaron Gray,CHI,12637.5,1748
Jelani McCoy,DEN,116.0,11
Chris Mihm,LAL,1551.5,171
Anfernee Hardaway,MIA,800.9,150
Darius Washington,SAS,467.9,73
Alando Tucker,PHO,1570.8,176
Acie Law,ATL,8156.8,1289
Coby Karl,LAL,648.9,81
Oleksiy Pecherov,WAS,3791.3,516
Rodney Stuckey,DET,59334.3,6938
Loren Woods,HOU,48.5,9
Darryl Watkins,SAC,513.5,90
Richie Frahm,LAC,592.3,69
Morris Almond,UTA,1300.9,179
Guillermo Diaz,LAC,40.2,5
Ian Mahinmi,SAS,20564.0,2861
Cheikh Samb,DET,395.3,47
Eddie Gill,NJN,400.4,107
Kyrylo Fesenko,UTA,4259.2,553
Gabe Pruitt,BOS,1390.4,203
Robert Swift,SEA,1488.9,194
Demetris Nichols,CHI,158.2,25
Ramon Sessions,MIL,43830.0,6558
Marcin Gortat,ORL,50968.6,5584
Joel Anthony,MIA,24160.3,3171
Courtney Sims,IND,84.9,10
Chris Andersen,NOH,29502.5,4134
Kasib Powell,MIA,989.3,152
Stephane Lasme,MIA,922.5,137
Blake Ahearn,MIA,653.4,111
Josh McRoberts,POR,20846.5,3212
Keith Langford,SAS,37.1,4
Billy Thomas,NJN,129.3,20
Kaniel Dickens,CLE,29.9,5
Lance Allred,CLE,20.2,4
Goran Dragic,PHO,50168.2,5849
Robin Lopez,PHO,36048.0,3921
Nicolas Batum,POR,58301.0,6068
Rudy Fernandez,POR,21203.5,3190
Jerryd Bayless,POR,33338.1,4715
Brook Lopez,NJN,34136.0,5774
Ryan Anderson,NJN,33598.0,5078
Chris Douglas-Roberts,NJN,8034.6,2051
Sean Singletary,PHO,697.1,156
Brandon Rush,IND,31484.3,4112
Roy Hibbert,IND,54392.5,5502
Derrick Rose,CHI,47798.5,4972
Luc Mbah a Moute,MIL,37492.9,5011
Joe Alexander,MIL,2461.8,372
Darrell Arthur,MEM,25286.2,3436
Marc Gasol,MEM,66449.8,7210
O.J. Mayo,MEM,59422.8,7337
Jason Thompson,SAC,56701.2,6087
Bobby Brown,SAC,4407.4,733
Donte Greene,SAC,15747.2,1929
Will Bynum,DET,22814.0,3123
Alex Acker,DET,721.8,96
Kosta Koufos,UTA,26152.7,3064
Greg Oden,POR,7725.9,863
Russell Westbrook,OKC,68797.1,7197
Kevin Love,MIN,58482.8,6413
Mario Chalmers,MIA,53552.1,6174
Michael Beasley,MIA,37823.3,4764
Courtney Lee,ORL,48067.1,6328
George Hill,SAS,51069.6,6107
Kyle Weaver,OKC,5086.1,639
Hamed Haddadi,MEM,3921.0,567
Eric Gordon,LAC,46998.2,5211
DeAndre Jordan,LAC,56590.0,5622
Roko Ukic,TOR,3257.7,520
Will Solomon,TOR,2364.2,318
Henry Walker,BOS,11109.4,1490
Danilo Gallinari,NYK,41930.3,4497
Alexis Ajinca,CHA,8934.8,1217
Othello Hunter,ATL,428.0,48
JaVale McGee,WAS,29311.2,3567
Anthony Morrow,GSW,34702.5,5333
Rob Kurz,GSW,1621.7,215
Marreese Speights,PHI,29361.5,3984
Darnell Jackson,CLE,3469.1,518
J.J. Hickson,CLE,44230.7,4964
Trey Johnson,CLE,509.6,85
D.J. Augustin,CHA,32029.5,5938
Cartier Martin,CHA,11481.1,1750
Anthony Randolph,GSW,14642.1,1847
Darius Miles,MEM,928.1,169
DeMarcus Nelson,GSW,536.1,84
Mike Taylor,LAC,2796.6,372
Sun Yue,LAL,84.0,12
Malik Hairston,SAS,1616.9,223
Walter Sharpe,DET,42.5,7
Joey Dorsey,HOU,6088.7,716
Anthony Tolliver,SAS,25944.3,3723
Nathan Jawai,TOR,1562.3,247
Joe Crawford,NYK,82.5,9
D.J. White,OKC,4270.1,1010
Sonny Weems,DEN,10545.5,1300
J.R. Giddens,BOS,743.4,113
Dontell Jefferson,CHA,195.2,37
Steven Hill,OKC,12.3,1
Jawad Williams,CLE,4060.6,577
Earl Clark,PHO,13088.9,1715
Stephen Curry,GSW,59683.2,6238
Jonny Flynn,MIN,13863.2,1716
Wayne Ellington,MIN,27289.6,3492
Taylor Griffin,PHO,101.0,7
Jrue Holiday,PHI,47158.7,5136
Darren Collison,NOH,43786.6,5490
Marcus Thornton,NOH,31995.8,4508
DeMar DeRozan,TOR,56109.7,6282
David Andersen,HOU,4405.0,637
Chase Budinger,HOU,27274.2,3401
Jonas Jerebko,DET,23604.1,3185
DaJuan Summers,DET,2344.6,381
Austin Daye,DET,14689.0,1912
Sam Young,MEM,14454.2,1919
DeMarre Carroll,MEM,27629.4,3199
Hasheem Thabeet,MEM,8502.5,1217
Toney Douglas,NYK,22247.1,2900
Jordan Hill,NYK,23875.0,2713
Marcus Landry,NYK,384.2,46
Tyreke Evans,SAC,53541.2,5973
Omri Casspi,SAC,32180.5,3901
Ty Lawson,DEN,54943.8,6056
DeJuan Blair,SAS,27016.0,3187
Dante Cunningham,POR,31673.6,4429
James Harden,OKC,59634.1,6997
Serge Ibaka,OKC,50296.0,5354
Eric Maynor,OKC,14282.6,2070
Lester Hudson,BOS,2062.1,287
Jon Brockman,SAC,5293.2,784
Brandon Jennings,MIL,51867.3,5789
Jodie Meeks,MIL,38034.2,4590
Tyler Hansbrough,IND,25543.0,3591
A.J. Price,IND,14323.4,1984
Derrick Brown,CHA,4438.0,1281
Gerald Henderson,CHA,23234.8,4556
Terrence Williams,NJN,6457.5,1518
Taj Gibson,CHI,40859.1,5132
James Johnson,CHI,23766.1,3038
Chris Hunter,GSW,3139.3,367
Wesley Matthews,UTA,56527.0,5880
Rodrigue Beaubois,DAL,10922.8,1304
Jeff Ayres,POR,8226.8,1073
Sundiata Gaines,UTA,2683.0,651
Othyus Jeffers,UTA,1608.3,213
Reggie Williams,GSW,11777.4,1727
Garrett Temple,SAS,10937.5,1419
Marcus Haislip,SAS,99.1,16
Jeff Teague,ATL,43692.7,4848
Cedric Jackson,WAS,274.8,37
Patty Mills,POR,15468.0,2169
Byron Mullens,OKC,6381.7,1570
Antonio Anderson,OKC,48.2,8
Alonzo Gee,WAS,27615.2,3162
Jermaine Taylor,HOU,2763.1,355
Jonathan Bender,NYK,1021.1,139
Danny Green,CLE,32190.9,3457
Trey Gilder,MEM,7.8,1
Oliver Lafayette,BOS,81.7,10
Gordon Hayward,UTA,41691.1,4815
Jeremy Evans,UTA,8758.1,1231
Gary Forbes,DEN,5627.5,731
Dominique Jones,DAL,2486.0,363
Blake Griffin,LAC,55627.7,5603
Eric Bledsoe,LAC,30872.7,3715
Al-Farouq Aminu,LAC,25677.9,3979
Omer Asik,CHI,29854.8,3202
Paul George,IND,35271.2,3789
Derrick Caracter,LAL,699.9,97
Landry Fields,NYK,22722.1,2515
Timofey Mozgov,NYK,22898.9,2437
Armon Johnson,POR,1092.2,201
Derrick Favors,NJN,33222.7,4419
Jeremy Lin,GSW,32556.0,3433
Jeff Adrien,GSW,6766.7,1059
Larry Sanders,MIL,17174.2,2036
Xavier Henry,MEM,8688.7,1477
Greivis Vasquez,MEM,25913.0,4216
Semih Erden,BOS,3265.2,436
Avery Bradley,BOS,27457.6,3245
Luke Harangody,BOS,2925.7,434
Ed Davis,TOR,28169.1,3728
Gary Neal,SAS,23966.1,3473
Wesley Johnson,MIN,35184.7,3609
Lazar Hayward,MIN,2050.5,288
Tiago Splitter,SAS,24876.7,2925
Evan Turner,PHI,41967.4,5166
Luke Babbitt,POR,9889.5,1345
Nikola Pekovic,MIN,27286.4,2699
DeMarcus Cousins,SAC,43195.3,4597
Eugene Jeter,SAC,3120.7,439
Patrick Patterson,HOU,30545.8,3873
Quincy Pondexter,NOH,17634.0,2553
Zabian Dowdell,PHO,984.8,134
Garret Siler,PHO,336.9,47
Manny Harris,CLE,5589.5,709
Samardo Samuels,CLE,6185.8,795
Larry Owens,SAS,661.3,107
John Wall,WAS,48457.2,5420
Kevin Seraphin,WAS,19071.0,2715
Mustafa Shakur,WAS,558.1,88
Trevor Booker,WAS,23422.1,3115
Greg Monroe,DET,44517.2,4919
Christian Eyenga,CLE,3961.2,480
Ben Uzoh,NJN,2161.5,387
Chris Johnson,POR,7406.8,1074
Ish Smith,HOU,11263.4,1555
Ekpe Udoh,GSW,16975.8,2209
Jordan Crawford,WAS,22536.3,2955
Hamady N'Diaye,WAS,425.3,81
Andy Rautins,NYK,80.7,9
Willie Warren,LAC,498.6,67
Sherron Collins,CHA,69.6,36
Damion James,NJN,1436.8,271
Cole Aldrich,OKC,7097.0,956
James Anderson,SAS,12579.0,1622
Devin Ebanks,LAL,2448.1,286
Lance Stephenson,IND,27459.9,3007
Gani Lawal,PHO,3.2,1
Solomon Alabi,TOR,611.7,81
Craig Brackins,PHI,396.4,42
Dexter Pittman,MIA,1319.5,160
Marcus Cousin,UTA,67.2,6
Patrick Ewing,NOH,27.0,6
Pape Sy,ATL,25.8,7
Enes Kanter,UTA,24168.3,2941
Alec Burks,UTA,19541.0,2628
Kenneth Faried,DEN,32754.5,3241
Jon Leuer,MIL,8303.8,1116
Jimmer Fredette,SAC,11781.2,1557
Isaiah Thomas,SAC,31929.8,3697
Kawhi Leonard,SAS,30364.4,3289
Carldell Johnson,NOH,244.6,63
Gustavo Ayon,NOH,6336.3,1053
MarShon Brooks,NJN,6916.4,1370
Julyan Stone,DEN,1211.0,144
Norris Cole,MIA,23889.1,3494
Terrel Harris,MIA,1117.1,213
Mickell Gladness,MIA,919.9,90
Tobias Harris,MIL,22268.0,2559
Nikola Vucevic,PHI,29597.2,3181
Chris Singleton,WAS,9025.3,1121
Shelvin Mack,WAS,12835.9,1823
Jan Vesely,WAS,8806.8,1254
Iman Shumpert,NYK,23544.1,2846
Josh Harrellson,NYK,3153.2,494
Tyler Honeycutt,SAC,361.7,47
Jordan Hamilton,DEN,7049.7,904
Josh Selby,MEM,909.8,151
Trey Thompkins,LAC,352.2,51
Travis Leslie,LAC,126.4,14
Andrew Goudelock,LAL,1489.4,204
Elliot Williams,POR,4822.0,805
Nolan Smith,POR,2717.4,399
Chandler Parsons,HOU,39674.2,4100
Klay Thompson,GSW,40393.1,4287
Charles Jenkins,GSW,4812.5,561
Chris Wright,GSW,1180.5,144
Jeremy Tyler,GSW,3750.8,424
Markieff Morris,PHO,29714.2,3731
Jeremy Pargo,MEM,3957.5,495
Reggie Jackson,OKC,23351.9,2925
Ricky Rubio,MIN,26620.9,2643
Derrick Williams,MIN,25825.8,3136
Cory Joseph,SAS,11458.5,1472
Eric Dawson,SAS,122.8,15
Hassan Whiteside,SAC,5002.6,597
Kyrie Irving,CLE,35694.0,3798
Tristan Thompson,CLE,34549.0,3921
Jeff Foote,NOH,113.6,21
Lance Thomas,NOH,8342.6,1361
Greg Stiemsma,BOS,10787.2,1478
Brandon Knight,DET,33430.4,3747
Malcolm Lee,MIN,2021.0,216
Jimmy Butler,CHI,29842.9,3240
Bismack Biyombo,CHA,12369.6,2689
Kemba Walker,CHA,20042.7,4106
Marcus Morris,HOU,21760.8,2764
Daniel Orton,ORL,1927.9,265
DeAndre Liggins,ORL,1313.9,181
Justin Harper,ORL,231.7,33
Malcolm Thomas,SAS,1039.1,179
Ivan Johnson,ATL,7035.8,1025
Josh Davis,MEM,424.7,72
Lavoy Allen,PHI,16398.0,2193
Jordan Williams,NJN,1122.1,331
Walker Russell,DET,1099.2,193
Justin Dentmon,SAS,273.1,48
Donald Sloan,CLE,8480.1,1115
Darius Morris,LAL,4988.5,743
Derrick Byars,SAS,161.3,14
Jerome Jordan,NYK,1645.5,265
E'Twaun Moore,BOS,14156.1,1973
Vernon Macklin,DET,458.1,59
Ryan Reid,OKC,47.0,4
JaJuan Johnson,BOS,911.8,151
Courtney Fortson,LAC,354.1,53
Greg Smith,HOU,6668.9,803
Jerome Dyson,NOH,403.8,99
Darington Hobson,MIL,134.2,12
Andre Emmett,NJN,16.8,25
Cory Higgins,CHA,593.9,222
Xavier Silas,PHI,136.5,17
Keith Benson,GSW,29.6,4
Dennis Horner,NJN,20.3,8
Edwin Ubiles,WAS,90.1,32
D.J. Kennedy,CLE,181.2,24
Mychel Thompson,CLE,386.8,42
Jerry Smith,NJN,64.4,29
Maalik Wayns,PHI,660.5,103
Evan Fournier,DEN,14066.6,1857
Andrew Nicholson,ORL,10294.8,1403
Kyle O'Quinn,ORL,8375.4,1246
Kyle Singler,DET,25059.6,2781
Andre Drummond,DET,24883.8,2748
Kim English,DET,1487.8,192
Kevin Murphy,UTA,150.2,18
Festus Ezeli,GSW,6350.2,752
Harrison Barnes,GSW,26923.0,2904
Draymond Green,GSW,21794.3,2641
Nando De Colo,SAS,4431.5,705
Alexey Shved,MIN,12260.0,1613
Austin Rivers,NOH,14061.2,2284
Brian Roberts,NOH,13163.1,2122
Darius Miller,NOH,4018.7,762
Jonas Valanciunas,TOR,23019.9,2403
Terrence Ross,TOR,21190.8,2579
Pablo Prigioni,NYK,13852.9,1910
Thomas Robinson,SAC,10646.7,1423
Quincy Miller,DEN,3923.8,444
Damian Lillard,POR,36741.0,3716
Joel Freeland,POR,7221.4,957
Meyers Leonard,POR,8919.4,1216
Victor Claver,POR,3915.1,498
Will Barton,POR,8437.3,1176
Jeffery Taylor,CHA,5153.3,1218
Michael Kidd-Gilchrist,CHA,11414.5,2062
Jae Crowder,DAL,16904.6,2272
DeQuan Jones,ORL,2784.5,345
Maurice Harkless,ORL,16401.8,2013
Tyler Zeller,CLE,18980.3,2211
Dion Waiters,CLE,24297.0,2938
Kevin Jones,CLE,1313.9,156
Kent Bazemore,GSW,9636.5,1305
Perry Jones,OKC,6175.6,760
Jeremy Lamb,OKC,8575.2,1199
Bradley Beal,WAS,25142.0,2683
Patrick Beverley,HOU,17704.0,1838
Orlando Johnson,IND,3726.8,532
Anthony Davis,NOH,23417.3,2944
John Henson,MIL,14472.4,1901
Marquis Teague,CHI,2893.4,376
Tyshawn Taylor,BRK,1593.0,214
John Jenkins,ATL,4897.0,694
Kendall Marshall,PHO,10472.1,1194
Chris Copeland,NYK,7065.5,865
Tony Wroten,MEM,10270.5,1647
Arnett Moultrie,PHI,2678.4,384
Mirza Teletovic,BRK,10244.7,1388
Tornike Shengelia,BRK,834.0,95
Terrence Jones,HOU,13990.8,1366
Donatas Motiejunas,HOU,14820.8,1652
Aron Baynes,SAS,6896.5,905
Diante Garrett,PHO,4200.3,623
Khris Middleton,DET,19958.8,2368
Scott Machado,HOU,50.4,7
Bernard James,DAL,2706.3,365
Jared Sullinger,BOS,17970.6,2149
Mike Scott,ATL,11291.7,1636
Robert Sacre,LAL,9442.3,1123
Doron Lamb,ORL,4176.0,615
Tim Ohlbrecht,HOU,26.7,3
Quincy Acy,TOR,9100.2,1266
Luke Zeller,PHO,183.7,22
Ben Hansbrough,IND,729.3,91
Miles Plumlee,IND,12812.0,1360
Viacheslav Kravtsov,DET,929.5,122
Jarvis Varnado,MIA,1227.4,220
Justin Holiday,PHI,3141.6,398
Darius Johnson-Odom,LAL,54.3,9
Fab Melo,BOS,122.9,12
Kris Joseph,BOS,148.8,21
Jared Cunningham,DAL,640.6,92
Josh Akognon,DAL,21.6,3
Henry Sims,NOH,7454.6,1112
Ben McLemore,SAC,19598.9,2121
Reggie Bullock,LAC,2662.3,381
Victor Oladipo,ORL,18708.1,2189
Gorgui Dieng,MIN,11845.7,1373
Steven Adams,OKC,12381.7,1354
Mason Plumlee,BRK,11824.0,1388
Robbie Hummel,MIN,5412.9,692
Andre Roberson,OKC,7374.4,642
Tony Snell,CHI,10263.8,1227
Erik Murphy,CHI,139.1,20
Tim Hardaway,NYK,12770.9,1841
Solomon Hill,IND,10336.3,1171
Nick Calathes,MEM,7674.0,1100
Jamaal Franklin,MEM,638.1,89
Anthony Bennett,CLE,6002.1,845
Matthew Dellavedova,CLE,10433.5,1362
Hollis Thompson,PHI,11893.0,1772
Lorenzo Brown,PHI,2781.8,399
Brandon Davies,PHI,3333.7,583
Vitor Faverani,BOS,1675.1,249
Phil Pressey,BOS,6742.0,915
Glen Rice,WAS,540.8,75
Otto Porter,WAS,6677.2,920
Trey Burke,UTA,17984.5,2147
Archie Goodwin,PHO,3776.0,554
Dionte Christmas,PHO,724.0,95
Cody Zeller,CHA,8129.3,1461
Shane Larkin,DAL,8481.1,1231
Kelly Olynyk,BOS,11674.0,1526
Ryan Kelly,LAL,10423.5,1102
Toure' Murry,NYK,1270.6,171
Kentavious Caldwell-Pope,DET,15330.6,1838
Giannis Antetokounmpo,MIL,16754.5,2102
Miroslav Raduljica,MIL,1672.7,240
Nate Wolters,MIL,5814.9,709
Rudy Gobert,UTA,9905.8,1427
Michael Carter-Williams,PHI,14405.1,2089
CJ McCollum,POR,5654.7,784
Jeff Withey,NOP,3552.4,495
Alex Len,PHO,7586.6,883
Pero Antic,ATL,7869.5,1048
Dennis Schroder,ATL,8308.2,1197
Isaiah Canaan,HOU,4568.7,578
Shabazz Muhammad,MIN,4622.8,596
Ray McCallum,SAC,9359.6,1096
Allen Crabbe,POR,2833.9,363
Gal Mekel,DAL,1331.9,171
Ricky Ledo,DAL,987.8,140
Dwight Buycks,TOR,1012.7,132
Nemanja Nedovic,GSW,464.5,64
Luigi Datome,DET,1630.8,221
Tony Mitchell,DET,260.5,37
Robert Covington,HOU,6583.1,985
Adonis Thomas,ORL,118.6,20
Troy Daniels,HOU,1727.1,217
Ian Clark,UTA,1240.5,181
Seth Curry,CLE,88.4,11
Casper Ware,PHI,385.9,62
James Nunnally,PHI,551.9,75
Jorge Gutierrez,BRK,1398.5,183
James Southerland,NOP,120.5,21
Sergey Karasev,CLE,2833.4,325
Peyton Siva,DET,778.4,123
Mike Muscala,ATL,2728.0,357
Dewayne Dedmon,ORL,4467.0,633
Vander Blue,BOS,352.9,32
Shane Edwards,CLE,41.3,5
Carrick Felix,CLE,166.4,14
Arinze Onuaku,CLE,384.0,49
Ognjen Kuzmic,GSW,532.0,68
Elias Harris,LAL,52.2,5
Chris Babb,BOS,471.0,68
Justin Hamilton,MIA,2742.6,387
D.J. Stephens,MIL,57.6,5
Scotty Hopson,CLE,23.1,2
Royce White,SAC,20.3,3
Nik Stauskas,SAC,4642.0,631
Jordan Clarkson,LAL,5707.4,596
Kostas Papanikolaou,HOU,3070.0,426
Tarik Black,HOU,4754.2,491
Kyle Anderson,SAS,1281.4,178
Bojan Bogdanovic,BRK,7213.9,910
P.J. Hairston,CHO,2622.3,368
Noah Vonleh,CHO,884.4,113
Joe Ingles,UTA,6369.3,915
Dante Exum,UTA,7097.2,958
James Ennis,MIA,3773.8,588
Shabazz Napier,MIA,3741.2,559
Elfrid Payton,ORL,9715.3,1093
Nikola Mirotic,CHI,6615.6,888
Andrew Wiggins,MIN,11841.2,1366
Zach LaVine,MIN,7283.2,919
Glenn Robinson,MIN,1026.8,127
Nick Johnson,HOU,888.1,134
JaKarr Sampson,PHI,3812.6,573
Nerlens Noel,PHI,7319.1,1113
Jerami Grant,PHI,4834.5,799
K.J. McDaniels,PHI,4285.4,788
Furkan Aldemir,PHI,2043.8,286
Lucas Nogueira,TOR,85.9,10
Grant Jerrett,OKC,177.9,27
Joe Harris,CLE,1862.1,251
Elijah Millsap,UTA,3630.0,543
Tyler Johnson,MIA,2218.8,324
Jusuf Nurkic,DEN,4631.5,540
James Michael McAdoo,GSW,565.3,68
Gary Harris,DEN,2851.9,342
Erick Green,DEN,1579.7,207
James Young,BOS,1342.0,193
T.J. Warren,PHO,2293.1,333
Tyler Ennis,PHO,1446.3,212
Zoran Dragic,PHO,246.5,34
Langston Galloway,NYK,5559.0,657
Travis Wear,NYK,2283.4,358
Cleanthony Early,NYK,2367.4,330
Tim Frazier,PHI,887.0,119
Damjan Rudez,IND,3903.1,555
Marcus Smart,BOS,7585.5,903
Markel Brown,BRK,3208.2,323
Dwight Powell,DAL,917.7,135
C.J. Wilcox,LAC,293.6,39
Spencer Dinwiddie,DET,1564.4,226
Joffrey Lauvergne,DEN,1019.3,148
Jabari Brown,LAL,2260.5,261
Rodney Hood,UTA,4150.7,571
Jack Cooley,UTA,340.1,44
Bryce Cotton,UTA,623.2,101
JaMychal Green,MEM,583.2,81
Jordan Adams,MEM,961.5,127
Jerel McNeal,PHO,123.8,23
Adreian Payne,MIN,2775.2,353
Russ Smith,MEM,249.5,35
Jarnell Stokes,MEM,510.1,48
Doug McDermott,CHI,1154.6,160
Jabari Parker,MIL,2871.7,325
Johnny O'Bryant,MIL,1193.2,157
Patrick Christopher,UTA,109.6,20
Cory Jefferson,BRK,2107.0,290
Mitch McGary,OKC,2012.1,232
Clint Capela,HOU,376.1,45
David Stockton,SAC,169.6,13
Drew Gordon,PHI,229.0,40
Alex Kirk,CLE,17.6,7
Aaron Gordon,ORL,3050.2,427
Devyn Marble,ORL,852.3,73
Kalin Lucas,MEM,16.1,3
Bruno Caboclo,TOR,57.2,7
Will Cherry,CLE,245.7,35
Shayne Whittington,IND,403.2,54
Larry Drew,PHI,685.5,123
Julius Randle,LAL,30.9,5
Andre Dawkins,MIA,66.6,11
Sean Kilpatrick,MIN,237.4,39
David Wear,SAC,29.1,4
Cameron Bairstow,CHI,208.4,25
Jerrelle Benimon,UTA,14.6,1
